title,price,image
춘천 국립춘천숲체원,강원도 춘천시 신북읍 장본2길 331,https://www.gangwon.to/upload/image_attach/2021/06/국립춘천숲체원-(2).jpg
영월 젊은달 와이파크,강원도 영월군 주천면 송학주천로 1467-9,https://www.gangwon.to/upload/image_attach/2021/06/%EC%A0%8A%EC%9D%80%EB%8B%AC%EC%99%80%EC%9D%B4%ED%8C%8C%ED%81%AC-%2813%29.jpg
원주 동화마을수목원,강원도 원주시 동화골길 170,https://www.gangwon.to/upload/image_attach/2021/06/동화마을-수목원-(2).jpg
평창 발왕산 스카이워크,강원도 평창군 대관령면 올림픽로 715,https://www.gangwon.to/upload/image_attach/2021/06/%EB%B0%9C%EC%99%95%EC%82%B0-%EC%8A%A4%EC%B9%B4%EC%9D%B4%EC%9B%8C%ED%81%AC-%281%29.jpg
강릉 정동심곡바다부채길,강원도 강릉시 강동면 헌화로 950-39,https://www.gangwon.to/upload/image_attach/2021/06/정동심곡바다부채길-(3).jpg
동해 추암해변,강원도 동해시 촛대바위길 17-1,https://www.gangwon.to/upload/image_attach/2021/06/추암해변-(10).jpg
정선 로미지안 가든,강원도 정선군 북평면 어도원길 12,https://www.gangwon.to/upload/image_attach/2021/06/%EB%A1%9C%EB%AF%B8%EC%A7%80%EC%95%88%EA%B0%80%EB%93%A0-%286%29.jpg
철원 고석정,강원도 철원군 동송읍 태봉로 1825,https://www.gangwon.to/upload/image_attach/2021/06/%EA%B3%A0%EC%84%9D%EC%A0%95-%2817%29.jpg
태백 몽토랑 산양목장,강원도 태백시 효자1길 27-2,https://www.gangwon.to/upload/image_attach/2021/06/몽토랑산양목장-(1).jpg
화천 서오지리 연꽃단지,강원도 화천군 하남면 건넌들길 79,https://www.gangwon.to/upload/image_attach/2021/06/%EC%84%9C%EC%98%A4%EC%A7%80%EB%A6%AC-%EC%97%B0%EA%BD%83%EB%8B%A8%EC%A7%80-%287%29.jpg
속초 설악산 자생식물원,강원도 속초시 바람꽃마을길 164,https://www.gangwon.to/upload/image_attach/2021/06/설악산자생식물원-(2).jpg
삼척 장호항,강원도 삼척시 근덕면 장호리 3-1,https://www.gangwon.to/upload/image_attach/2021/06/장호항-(3).jpg
양구 파로호 꽃섬,강원도 양구군 양구읍 하리 570-1,https://www.gangwon.to/upload/image_attach/2021/06/%EC%96%91%EA%B5%AC-%ED%8C%8C%EB%A1%9C%ED%98%B8-%EA%BD%83%EC%84%AC-%281%29.jpg
인제 비밀의 정원,강원도 인제군 남면 갑둔리 산121-4,https://www.gangwon.to/upload/image_attach/2021/06/%EB%B9%84%EB%B0%80%EC%9D%98-%EC%A0%95%EC%9B%90-%2815%29.jpg
홍천 무궁화 테마파크,강원도 홍천군 북방면 하화계리 33,https://www.gangwon.to/upload/image_attach/2021/06/무궁화테마파크-(1).jpg
고성 화진포 응봉 숲길,강원도 고성군 거진읍 화포리,https://www.gangwon.to/upload/image_attach/2021/06/%ED%99%94%EC%A7%84%ED%8F%AC-%EC%9D%91%EB%B4%89-%EC%88%B2%EA%B8%B8-%289%29.jpg
양양 남대천 생태관찰로,강원도 양양군 양양읍 조산리 86-7,https://www.gangwon.to/upload/image_attach/2021/06/%EB%82%A8%EB%8C%80%EC%B2%9C-%EC%83%9D%ED%83%9C%EA%B4%80%EC%B0%B0%EB%A1%9C-%2815%29.jpg
횡성호수길,강원도 횡성군 갑천면 태기로구방5길 40,https://www.gangwon.to/upload/image_attach/2021/06/횡성호수길-5구간-(2).jpg
춘천 구곡폭포,강원도 춘천시 남산면 강촌구곡길 254,https://www.gangwon.to/upload/image_attach/2021/07/%EA%B5%AC%EA%B3%A1%ED%8F%AD%ED%8F%AC%20%281%29.jpg
춘천 물레길,강원도 춘천시 스포츠타운길 113-1,https://www.gangwon.to/upload/image_attach/2021/07/%EB%AC%BC%EB%A0%88%EA%B8%B8%20%281%29.jpg
춘천 옛 김유정역,강원도 춘천시 신동면 김유정로 1435,https://www.gangwon.to/upload/image_attach/2021/07/%EC%98%9B%EA%B9%80%EC%9C%A0%EC%A0%95%EC%97%AD%20%281%29.jpg
춘천 해피초원목장,강원도 춘천시 사북면 춘화로 330-48,https://www.gangwon.to/upload/image_attach/2021/07/%ED%95%B4%ED%94%BC%EC%B4%88%EC%9B%90%EB%AA%A9%EC%9E%A5%20%281%29.jpg
원주 영원산성,강원도 원주시 판부면 영원산성길 685,https://www.gangwon.to/upload/image_attach/2021/07/%EC%98%81%EC%9B%90%EC%82%B0%EC%84%B1%20%286%291.JPG
원주 치악산 둘레길,강원도 원주시 소초면,https://www.gangwon.to/upload/image_attach/2021/07/%EC%B9%98%EC%95%85%EC%82%B0%20%EB%91%98%EB%A0%88%EA%B8%B8%20%281%29.jpg
강릉 솔향수목원,강원도 강릉시 구정면 수목원길 156,https://www.gangwon.to/upload/image_attach/2021/07/%EC%86%94%ED%96%A5%EC%88%98%EB%AA%A9%EC%9B%90%20%2814%29.jpg
강릉 헌화로,강원도 강동면 심곡리 162 일대,https://www.gangwon.to/upload/image_attach/2021/07/%ED%97%8C%ED%99%94%EB%A1%9C%20%286%29.JPG
동해 무릉계곡,강원도 동해시 삼화로 538,https://www.gangwon.to/upload/image_attach/2021/07/%EB%AC%B4%EB%A6%89%EA%B3%84%EA%B3%A1%20%282%29.jpg
동해 베틀바위 산성길,강원도 동해시 삼화로 584,https://www.gangwon.to/upload/image_attach/2021/07/%EB%B2%A0%ED%8B%80%EB%B0%94%EC%9C%84%20%EC%82%B0%EC%84%B1%EA%B8%B8%20%284%29.jpg
동해 어달해변,강원도 동해시 어달동 52-4,https://www.gangwon.to/upload/image_attach/2021/07/%EC%96%B4%EB%8B%AC%ED%95%B4%EB%B3%80%20%282%29.jpg
태백 황지연못,강원도 태백시 황지연못길 12,https://www.gangwon.to/upload/image_attach/2021/07/%ED%99%A9%EC%A7%80%EC%97%B0%EB%AA%BB%20%282%29.jpg
삼척 초곡용굴 촛대바위길,강원도 삼척시 근덕면 초곡길 236-4,https://www.gangwon.to/upload/image_attach/2021/07/%EC%B4%88%EA%B3%A1%EC%9A%A9%EA%B5%B4%20%EC%B4%9B%EB%8C%80%EB%B0%94%EC%9C%84%EA%B8%B8%20%281%29.jpg
삼척해변,강원도 삼척시 교동,https://www.gangwon.to/upload/image_attach/2021/07/%EC%82%BC%EC%B2%99%ED%95%B4%EB%B3%80%20%281%29.jpg
홍천 척야산 문화수목원,강원도 홍천군 내촌면 동창로 282,https://www.gangwon.to/upload/image_attach/2021/07/%EC%B2%99%EC%95%BC%EC%82%B0%EB%AC%B8%ED%99%94%EC%88%98%EB%AA%A9%EC%9B%90%20%281%29.jpg
홍천 배바위 트래킹 길,강원도 홍천군 서면 마곡길 31-1,https://www.gangwon.to/upload/image_attach/2021/07/%EB%B0%B0%EB%B0%94%EC%9C%84%ED%8A%B8%EB%A0%88%ED%82%B9%EA%B8%B8%20%281%29.jpg
홍천 가리산 레포츠파크,강원도 홍천군 두촌면 가리산길 426,https://www.gangwon.to/upload/image_attach/2021/07/%EA%B0%80%EB%A6%AC%EC%82%B0%20%EB%A0%88%ED%8F%AC%EC%B8%A0%ED%8C%8C%ED%81%AC%20%281%29.jpg
홍천 알파카월드,강원도 홍천군 화촌면 풍천리 310,https://www.gangwon.to/upload/image_attach/2021/07/%EC%95%8C%ED%8C%8C%EC%B9%B4%EC%9B%94%EB%93%9C%20%289%29.jpg
횡성 청태산 자연휴양림,강원도 횡성군 둔내면 청태산로 610,https://www.gangwon.to/upload/image_attach/2021/07/%EC%B2%AD%ED%83%9C%EC%82%B0%20%EC%9E%90%EC%97%B0%ED%9C%B4%EC%96%91%EB%A6%BC%20%286%29.jpg
횡성 풍수원성당,강원도 횡성군 서원면 경강로유현1길 30 ,https://www.gangwon.to/upload/image_attach/2021/07/%ED%92%8D%EC%88%98%EC%9B%90%EC%84%B1%EB%8B%B9%20%281%29.jpg
 미술관 자작나무숲,강원도 횡성군 우천면 한우로두곡5길 186,https://www.gangwon.to/upload/image_attach/2021/07/%EB%AF%B8%EC%88%A0%EA%B4%80%20%EC%9E%90%EC%9E%91%EB%82%98%EB%AC%B4%EC%88%B2%20%284%29.jpg
횡성 국립횡성숲체원,강원도 횡성군 둔내면 청태산로 777,https://www.gangwon.to/upload/image_attach/2022/04/[크기변환]국립횡성숲체원 (1).jpg
영월 판운리 섶다리,강원도 영월군 주천면 판운리 521-9,https://www.gangwon.to/upload/image_attach/2021/07/%ED%8C%90%EC%9A%B4%EB%A6%AC%20%EC%84%B6%EB%8B%A4%EB%A6%AC%20%284%29.jpg
영월 붉은 메밀밭,강원도 영월군 영월읍 삼옥리 301-1,https://www.gangwon.to/upload/image_attach/2021/07/%EB%B6%89%EC%9D%80%20%EB%A9%94%EB%B0%80%EB%B0%AD%20%281%29.jpg
영월 단종유배길,강원도 영월군 주천면 주천리 1124-2~영월읍 청령포로 133,https://www.gangwon.to/upload/image_attach/2021/07/%EB%8B%A8%EC%A2%85%EC%9C%A0%EB%B0%B0%EA%B8%B8%20%281%29.jpg
김삿갓 계곡,강원도 영월군 김삿갓면 영월동로2280-18~김삿갓로 216-22,https://www.gangwon.to/upload/image_attach/2021/07/%EA%B9%80%EC%82%BF%EA%B0%93%EA%B3%84%EA%B3%A1%20%281%29.jpg
평창 국립두타산 자연휴양림,강원도 평창군 진부면 아차골 132,https://www.gangwon.to/upload/image_attach/2021/07/%EA%B5%AD%EB%A6%BD%EB%91%90%ED%83%80%EC%82%B0%20%EC%9E%90%EC%97%B0%ED%9C%B4%EC%96%91%EB%A6%BC%20%281%29.jpg
평창 방아다리 약수길,강원도 평창군 진부면 척천리 가리골,https://www.gangwon.to/upload/image_attach/2021/07/%EB%B0%A9%EC%95%84%EB%8B%A4%EB%A6%AC%20%EC%95%BD%EC%88%98%EA%B8%B8%20%284%29.jpg
평창 바위공원,강원도 평창읍 노람들길 291,https://www.gangwon.to/upload/image_attach/2021/07/%ED%8F%89%EC%B0%BD%20%EB%B0%94%EC%9C%84%EA%B3%B5%EC%9B%90%20%281%29.jpg
정선 백복령 카르스트 지대,강원도 정선군 임계면 직원리 산 1-1,https://www.gangwon.to/upload/image_attach/2021/07/%EB%B0%B1%EB%B3%B5%EB%A0%B9%20%EC%B9%B4%EB%A5%B4%EC%8A%A4%ED%8A%B8%20%EC%A7%80%EB%8C%80%20%281%29.jpg
"정선 강원고생대 지질공원 화암권역(화암동굴, 화암약수, 소금강)",강원도 정선군 화암면 화암리 산 248,https://www.gangwon.to/upload/image_attach/2021/07/%EA%B0%95%EC%9B%90%EA%B3%A0%EC%83%9D%EB%8C%80%20%EC%A7%80%EC%A7%88%EA%B3%B5%EC%9B%90%20%ED%99%94%EC%95%94%EA%B6%8C%EC%97%AD%20%281%29.jpg
정선 정암사 자장율사 순례길,강원도 정선군 고한읍 함백산로 1410,https://www.gangwon.to/upload/image_attach/2021/07/%EC%A0%95%EC%95%94%EC%82%AC%20%EC%9E%90%EC%9E%A5%EC%9C%A8%EC%82%AC%20%EC%88%9C%EB%A1%80%EA%B8%B8%20%281%29.jpg
철원 백마고지 위령비,강원도 철원읍 대마1길 72,https://www.gangwon.to/upload/image_attach/2021/07/%EB%B0%B1%EB%A7%88%EA%B3%A0%EC%A7%80%20%EC%9C%84%EB%A0%B9%EB%B9%84%20%2816%29.jpg
철원 삼부연폭포,강원도 철원군 갈말읍 삼부연로 216,https://www.gangwon.to/upload/image_attach/2021/07/%EC%82%BC%EB%B6%80%EC%97%B0%ED%8F%AD%ED%8F%AC%20%281%29.jpg
철원 직탕폭포,강원도 철원군 동송읍 직탕길 94,https://www.gangwon.to/upload/image_attach/2021/07/%EC%A7%81%ED%83%95%ED%8F%AD%ED%8F%AC%20%281%29.jpg
화천 거례리 아를테마 수목공원,강원도 화천군 하남면 거례리 64,https://www.gangwon.to/upload/image_attach/2021/07/%EC%95%84%EB%A5%BC%ED%85%8C%EB%A7%88%EC%88%98%EB%AA%A9%EC%9B%90%20%281%29.jpg
화천 동구래마을,강원도 화천군 하남면 호수길 329,https://www.gangwon.to/upload/image_attach/2021/07/%EB%8F%99%EA%B5%AC%EB%9E%98%EB%A7%88%EC%9D%84%20%286%29.jpg
화천 용화산,강원도 화천군 하남면 삼화리 산102-7(용화산큰고개주차장),https://www.gangwon.to/upload/image_attach/2021/07/%EC%9A%A9%ED%99%94%EC%82%B0%20%281%29.jpg
화천 하트섬,강원도 화천군 간동면 도송리 481,https://www.gangwon.to/upload/image_attach/2021/07/%ED%95%98%ED%8A%B8%EC%84%AC%20%285%29.jpg
양구 한반도섬,강원도 양구군 양구읍 고대리 647-1,https://www.gangwon.to/upload/image_attach/2021/07/%EC%96%91%EA%B5%AC%20%ED%95%9C%EB%B0%98%EB%8F%84%EC%84%AC%20%281%29.jpg
양구 DMZ 펀치볼 둘레길,강원도 양구군 해안면 해안서화로 23,https://www.gangwon.to/upload/image_attach/2021/07/DMZ%ED%8E%80%EC%B9%98%EB%B3%BC%EB%91%98%EB%A0%88%EA%B8%B8%20%281%29.jpg
양구 두타연,강원도 양구군 방산면 두타연로 297,https://www.gangwon.to/upload/image_attach/2021/07/%EB%91%90%ED%83%80%EC%97%B0%20%281%29.jpg
양구 DMZ 자생식물원,강원도 양구군 해안면 펀치볼로 916-70,https://www.gangwon.to/upload/image_attach/2021/07/DMZ%20%EC%9E%90%EC%83%9D%EC%8B%9D%EB%AC%BC%EC%9B%90%20%287%29.jpg
인제 백담사,강원도 인제군 북면 백담로 746,https://www.gangwon.to/upload/image_attach/2021/07/%EB%B0%B1%EB%8B%B4%EC%82%AC%20%281%29.jpg
인제 자작나무숲,강원도 인제군 인제읍 원남로 760,https://www.gangwon.to/upload/image_attach/2021/07/%EC%86%8D%EC%82%AD%EC%9D%B4%EB%8A%94%20%EC%9E%90%EC%9E%91%EB%82%98%EB%AC%B4%20%EC%88%B2%20%283%29.JPG
인제 대암산 용늪,강원도 인제군 서화면 서흥리 산170,https://www.gangwon.to/upload/image_attach/2021/07/%EB%8C%80%EC%95%94%EC%82%B0%20%EC%9A%A9%EB%8A%AA%20%282%29.jpg
고성 가진해변,강원도 강원도 고성군 죽왕면 가진리,https://www.gangwon.to/upload/image_attach/2021/07/%EA%B0%80%EC%A7%84%ED%95%B4%EB%B3%80%20%281%29.jpg
고성 송지호 둘레길,강원도 고성군 죽왕면 오봉리,https://www.gangwon.to/upload/image_attach/2021/07/%EC%86%A1%EC%A7%80%ED%98%B8%20%EB%91%98%EB%A0%88%EA%B8%B8%20%287%29.jpg
고성 북설악 신선대 걷기길,강원도 고성군 토성면 신평리,https://www.gangwon.to/upload/image_attach/2021/07/%EB%B6%81%EC%84%A4%EC%95%85%20%EC%8B%A0%EC%84%A0%EB%8C%80%20%EA%B1%B7%EA%B8%B0%EA%B8%B8%20%281%29.JPG
양양 주전골,강원도 양양군 서면 대청봉길 58-52,https://www.gangwon.to/upload/image_attach/2021/07/%EC%A3%BC%EC%A0%84%EA%B3%A8%20%281%29.JPG
양양 휴휴암,강원도 양양군 현남면 광진2길 3-16,https://www.gangwon.to/upload/image_attach/2021/07/%ED%9C%B4%ED%9C%B4%EC%95%94%20%281%29.jpg
양양 몽돌소리길,강원도 양양군 강현면 정암리,https://www.gangwon.to/upload/image_attach/2021/07/%EB%AA%BD%EB%8F%8C%EC%86%8C%EB%A6%AC%EA%B8%B8%20%281%29.jpg
춘천 하중도생태공원,춘천시 중도동 650-2,https://www.gangwon.to/upload/image_attach/2021/08/춘천 하중도생태공원 (1).jpg
원주 관음사,강원도 원주시 행구로 533,https://www.gangwon.to/upload/image_attach/2021/08/관음사 (1).jpg
원주 소금산출렁다리,강원도 원주시 지정면 소금산길 14,https://www.gangwon.to/upload/image_attach/2021/08/원주 소금산 출렁다리 (1).jpg
원주 남한강 폐사지 여행길,거돈사지 강원도 원주시 부론면 정산리 18/법천사지 강원도 원주시 부론면 법천리 산70-1/흥원창 강원도 원주시 견훤로 181,https://www.gangwon.to/upload/image_attach/2021/08/남한강 폐사지 여행길 (1).jpg
강릉 경포호수,강원도 강릉시 경포로 365 인근,https://www.gangwon.to/upload/image_attach/2021/08/경포호수 (1).jpg
강릉 주문진 등대,강원도 강릉시 주문진읍 옛등대길 24-7,https://www.gangwon.to/upload/image_attach/2021/08/주문진 등대 (1).jpg
강릉 안목해변,강원도 강릉시 창해로14번길 3 일대,https://www.gangwon.to/upload/image_attach/2021/08/안목해변 (1).jpg
동해 논골담길,강원도 동해시 논골1길 2,https://www.gangwon.to/upload/image_attach/2021/08/논골담길 (1).jpg
동해 망상해변,강원도 동해시 동해대로 6270-10,https://www.gangwon.to/upload/image_attach/2021/08/망상해변 (1).jpg
태백 매봉산 바람의 언덕,강원도 태백시 창죽동 9-440,https://www.gangwon.to/upload/image_attach/2021/08/매봉산 바람의 언덕 (1).jpg
태백 구문소 전기고생대 지층 및 하식지형,강원도 태백시 동점동 498-123,https://www.gangwon.to/upload/image_attach/2021/08/구문소 전기고생대 지층 및 하식지형 (1).jpg
태백 검룡소,강원도 태백시 창죽동 산1-1,https://www.gangwon.to/upload/image_attach/2021/08/검룡소 (1).jpg
태백 365 세이프타운,강원도 태백시 평화길 15,https://www.gangwon.to/upload/image_attach/2021/08/365 세이프타운 (1).jpg
속초 숲박물관,강원도 속초시 미시령로 3054,https://www.gangwon.to/upload/image_attach/2021/08/숲박물관 (1).jpg
속초 영랑호 습지생태공원,강원도 속초시 장사동 418-13,https://www.gangwon.to/upload/image_attach/2021/08/영랑호 습지생태공원 (1).jpg
속초 대포항전망대,강원도 속초시 대포항1길 16-8,https://www.gangwon.to/upload/image_attach/2021/08/대포항 전망대 (1).jpg
속초 설악 피골 산책길,강원도 속초시 청봉로5길 13-3,https://www.gangwon.to/upload/image_attach/2021/08/설악 피골 산책길 (1).jpg
삼척 이사부길,강원도 강원도 삼척시 새천년도로,https://www.gangwon.to/upload/image_attach/2021/08/이사부길 (1).jpg
삼척 죽서루,강원 삼척시 죽서루길 37,https://www.gangwon.to/upload/image_attach/2021/08/죽서루 (1).jpg
삼척 미인폭포,강원도 삼척시 도계읍 심포리,https://www.gangwon.to/upload/image_attach/2021/08/미인폭포 (1).jpg
횡성 태기산,강원도 횡성군 둔내면 경강로 일대,https://www.gangwon.to/upload/image_attach/2021/08/태기산 (1).jpg
횡성 호수길5구간,강원도 횡성군 둔내면 청태산로 777,https://www.gangwon.to/upload/image_attach/2021/08/국립횡성숲체원 (1).jpg
영월 요선암,강원도 영월군 무릉도원면 무릉리,https://www.gangwon.to/upload/image_attach/2021/08/요선암 (1).jpg
평창 계방산 오토캠핑장,강원도 평창군 용평면 이승복생가길 160,https://www.gangwon.to/upload/image_attach/2021/08/계방산 오토캠핑장 (1).jpg
평창 청옥산 육백마지기,강원도 평창군 미탄면 청옥산길 583-155,https://www.gangwon.to/upload/image_attach/2021/08/청옥산 육백마지기 (3).jpg
정선 민둥산,강원도 정선군 남면 무릉리,https://www.gangwon.to/upload/image_attach/2021/08/민둥산 (1).jpg
정선 병방치 스카이워크,강원도 정선군 남면 무릉리,https://www.gangwon.to/upload/image_attach/2021/08/병방치 스카이워크 (1).jpg
철원 노동당사,강원도 철원읍 금강산로 265,https://www.gangwon.to/upload/image_attach/2021/08/노동당사 (1).jpg
철원 한탄강 물윗길,강원도 철원군 동송읍 태봉로 1825(고석정),https://www.gangwon.to/upload/image_attach/2021/08/한탄강 물윗길과 은하수교 (1).jpg
화천 평화의 댐,강원도 화천군 화천읍 평화로 3481-18,https://www.gangwon.to/upload/image_attach/2021/08/평화의댐 (1).jpg
양구 양구수목원,강원도 양구군 동면 숨골로310번길 131,https://www.gangwon.to/upload/image_attach/2021/08/양구수목원 (1).jpg
인제 곰배령,강원도 인제군 기린면 진동리,https://www.gangwon.to/upload/image_attach/2021/08/곰배령 (1).jpg
고성 명파해변,강원도 고성군 현내면 명파리,https://www.gangwon.to/upload/image_attach/2021/08/명파해변 (1).jpg
고성 화진포해변,강원도 고성군 현내면 초도리 99,https://www.gangwon.to/upload/image_attach/2021/08/화진포해변 (1).jpg
양양 갈천약수,강원도 양양군 서면 갈천리 산1-1,https://www.gangwon.to/upload/image_attach/2021/08/갈천약수 (1).jpg
양양 죽도정,강원도 양양군 현남면 인구항길 24,https://www.gangwon.to/upload/image_attach/2021/08/죽도정 (1).jpg
