title,link,image,time,place
삼척 정월대보름제,https://www.gangwon.to//gwtour/gangwondo_trip/festival_performance?fSeq=149,https://www.gangwon.to//servlet/Thumbnail?i=/upload/fest/attach_149.jpg&w=283&h=250,2022.02.07~2022.02.20[개최],삼척정월대보름제위원회
단종문화제,https://www.gangwon.to//gwtour/gangwondo_trip/festival_performance?fSeq=55,https://www.gangwon.to//servlet/Thumbnail?i=/upload/fest/attach_55.jpg&w=283&h=250,2022.04.29~2022.05.01[온라인],영월군
속초 봄빛 축제 청초누리,https://www.gangwon.to//gwtour/gangwondo_trip/festival_performance?fSeq=50,https://www.gangwon.to//servlet/Thumbnail?i=/upload/fest/attach_50.jpg&w=283&h=250,2022.04.08~2022.05.08[개최],속초시관광과
강릉단오제,https://www.gangwon.to//gwtour/gangwondo_trip/festival_performance?fSeq=56,https://www.gangwon.to//servlet/Thumbnail?i=/upload/fest/attach_56.jpg&w=283&h=250,2022.05.30~2022.06.06[온라인개최],강릉시문화예술과
용수골꽃양귀비축제,https://www.gangwon.to//gwtour/gangwondo_trip/festival_performance?fSeq=45,https://www.gangwon.to//servlet/Thumbnail?i=/upload/fest/attach_45.jpg&w=283&h=250,2022.05.25~2022.06.12[개최],용수골꽃양귀비축제추진위원회
제 34회 춘천마임축제,https://www.gangwon.to//gwtour/gangwondo_trip/festival_performance?fSeq=35,https://www.gangwon.to//servlet/Thumbnail?i=/upload/fest/attach_35.jpg&w=283&h=250,2022.05.22~2022.05.29[개최],(사)춘천마임축제
삼척장미축제,https://www.gangwon.to//gwtour/gangwondo_trip/festival_performance?fSeq=49,https://www.gangwon.to//servlet/Thumbnail?i=/upload/fest/attach_49.jpg&w=283&h=250,2022.05.20~2022.07.24[개최],삼척시
홍천산나물축제,https://www.gangwon.to//gwtour/gangwondo_trip/festival_performance?fSeq=52,https://www.gangwon.to//servlet/Thumbnail?i=/upload/fest/attach_52.jpg&w=283&h=250,2022.05.05~2022.05.08[개최],"홍천군청,(재)홍천문화재단"
원주한지문화제,https://www.gangwon.to//gwtour/gangwondo_trip/festival_performance?fSeq=44,https://www.gangwon.to//servlet/Thumbnail?i=/upload/fest/attach_44.jpg&w=283&h=250,2022.05.05~2022.05.15[온라인/오프라인동시개최],(사)한지개발원
제 29회 봄내예술제,https://www.gangwon.to//gwtour/gangwondo_trip/festival_performance?fSeq=38,https://www.gangwon.to//servlet/Thumbnail?i=/upload/fest/attach_38.jpg&w=283&h=250,2022.05.01~2022.05.28[개최],"춘천시,춘천예총"
단종문화제,https://www.gangwon.to//gwtour/gangwondo_trip/festival_performance?fSeq=55,https://www.gangwon.to//servlet/Thumbnail?i=/upload/fest/attach_55.jpg&w=283&h=250,2022.04.29~2022.05.01[온라인],영월군
속초 봄빛 축제 청초누리,https://www.gangwon.to//gwtour/gangwondo_trip/festival_performance?fSeq=50,https://www.gangwon.to//servlet/Thumbnail?i=/upload/fest/attach_50.jpg&w=283&h=250,2022.04.08~2022.05.08[개최],속초시관광과
제4회 평창국제평화영화제,https://www.gangwon.to//gwtour/gangwondo_trip/festival_performance?fSeq=123,https://www.gangwon.to//servlet/Thumbnail?i=/upload/fest/attach_123.jpg&w=283&h=250,2022.06.23~2022.06.28,사단법인평창국제평화영화제
운탄고도 1330 빠르게 걷기,https://www.gangwon.to//gwtour/gangwondo_trip/festival_performance?fSeq=160,https://www.gangwon.to//servlet/Thumbnail?i=/upload/fest/attach_160.png&w=283&h=250,2022.06.04~2022.06.05[개최],강원도관광재단
강릉단오제,https://www.gangwon.to//gwtour/gangwondo_trip/festival_performance?fSeq=56,https://www.gangwon.to//servlet/Thumbnail?i=/upload/fest/attach_56.jpg&w=283&h=250,2022.05.30~2022.06.06[온라인개최],강릉시문화예술과
용수골꽃양귀비축제,https://www.gangwon.to//gwtour/gangwondo_trip/festival_performance?fSeq=45,https://www.gangwon.to//servlet/Thumbnail?i=/upload/fest/attach_45.jpg&w=283&h=250,2022.05.25~2022.06.12[개최],용수골꽃양귀비축제추진위원회
삼척장미축제,https://www.gangwon.to//gwtour/gangwondo_trip/festival_performance?fSeq=49,https://www.gangwon.to//servlet/Thumbnail?i=/upload/fest/attach_49.jpg&w=283&h=250,2022.05.20~2022.07.24[개최],삼척시
제 19회 평창대관령음악제,https://www.gangwon.to//gwtour/gangwondo_trip/festival_performance?fSeq=138,https://www.gangwon.to//servlet/Thumbnail?i=/upload/fest/attach_138.jpg&w=283&h=250,2022.07.22~2022.07.23[개최],강원도
삼척장미축제,https://www.gangwon.to//gwtour/gangwondo_trip/festival_performance?fSeq=49,https://www.gangwon.to//servlet/Thumbnail?i=/upload/fest/attach_49.jpg&w=283&h=250,2022.05.20~2022.07.24[개최],삼척시
춘천인형극제,https://www.gangwon.to//gwtour/gangwondo_trip/festival_performance?fSeq=37,https://www.gangwon.to//servlet/Thumbnail?i=/upload/fest/attach_37.png&w=283&h=250,2022.08.26~2022.09.04[개최],(재)춘천인형극제
제9회 횡성 더덕축제,https://www.gangwon.to//gwtour/gangwondo_trip/festival_performance?fSeq=95,https://www.gangwon.to//servlet/Thumbnail?i=/upload/fest/attach_95.jpg&w=283&h=250,2022.08.26~2022.08.28[개최],횡성군
화천 토마토축제,https://www.gangwon.to//gwtour/gangwondo_trip/festival_performance?fSeq=111,https://www.gangwon.to//servlet/Thumbnail?i=/upload/fest/attach_111.jpg&w=283&h=250,2022.08.05~2022.08.07[개최],화천군
춘천인형극제,https://www.gangwon.to//gwtour/gangwondo_trip/festival_performance?fSeq=37,https://www.gangwon.to//servlet/Thumbnail?i=/upload/fest/attach_37.png&w=283&h=250,2022.08.26~2022.09.04[개최],(재)춘천인형극제
